{
  "project_info": {
    "project_number": "826303546986",
    "project_id": "gossips-d9154",
    "storage_bucket": "gossips-d9154.firebasestorage.app"
  },
  "client": [
    {
      "client_info": {
        "mobilesdk_app_id": "1:826303546986:android:8080b2fdd7ed8e4b35ac13",
        "android_client_info": {
          "package_name": "com.mycompany.gossips"
        }
      },
      "oauth_client": [],
      "api_key": [
        {
          "current_key": "AIzaSyDsk8ODliSD63RBZgQUTFOYSg6uID2jAc0"
        }
      ],
      "services": {
        "appinvite_service": {
          "other_platform_oauth_client": []
        }
      }
    }
  ],
  "configuration_version": "1"
}